keyword,title,link,snippet
最高すぎる,友人が頻繁に「最高すぎる」を使います。よく聞く使い回しではあり...,https://detail.chiebukuro.yahoo.co.jp/qa/question_detail/q11190215241,"May 11, 2018 ... 友人が頻繁に「最高すぎる」を使います。よく聞く使い回しではありますが、「美味すぎる」とか「悲しすぎる」などと違って凄くモヤモヤします。"
最高すぎる,まさ MASA𐚁 _JP | 最高すぎる！思い出だしてくれて有難う ...,https://www.instagram.com/reel/DLzvw0TSe96/,"7 days ago ... 34 likes, 6 comments - telecascowboy on July 7, 2025: ""最高すぎる！思い出だしてくれて有難う！ Amarillo By Morning #amarillobymorning ..."
最高すぎる,最近よく聞く｢好きずきる｣とか｢最高すぎる｣は文法的には変ですよね ...,https://detail.chiebukuro.yahoo.co.jp/qa/question_detail/q13253170723,"Nov 28, 2021 ... 最近の若者言葉について「〜すぎ(最高すぎた)(かわいすぎ. 日本語."
最高すぎる,“新”スタジオが最高すぎる！ | ハゲーバブログbyエリマネ,https://ameblo.jp/sawahagereal/entry-12897359069.html,“新”スタジオが最高すぎる！ 2025-04-25 06:54:10. テーマ：ブログ. 広告を表示できませんでした. こんばんは ニコニコ. 今日は私ちょこっと時間ができたので、.
最高すぎる,"鈴なり妖怪 鈴/木下友梨菜 on X: ""今日も最高すぎる。 最高すぎるよ ...",https://x.com/suzunariyoukai/status/1868149522645540888,"Dec 15, 2024 ... 今日も最高すぎる。 最高すぎるよ！！！！！もう！！！ 見た目アレだけどこの時期バーミッツなかったらまじで走れん。 #二十曲峠#二十曲以上あるだろって心で ..."
最高すぎる,初めてのコショー鍋が最高すぎる！ 藤屋 :: 広島のビジネスホテル ...,https://www.park-side.co.jp/blog/gourmet/51608.html,"Jun 26, 2025 ... 牛すじ煮込みもしっかりとしたすじ肉でしっかり煮込んであって柔らかくて美味しかった～！よく行く後輩から話は聞いていましたが店内は満席なのに料理は待っ ..."
最高すぎる,"SO-SO on X: ""HEDEX最高すぎるやばい #WDJF2025"" / X",https://x.com/SO_SO_LOOPER/status/1939219546591896029,"HEDEX最高すぎるやばい#WDJF2025. Translate post. 7:09 AM · Jun 29, 2025. ·. 7,338. Views. 98."
最高すぎる,「PLAY! PLAY! PLAY! ガーデン」レポ―ト～静岡、やっぱり最高 ...,https://spac.or.jp/blog/?p=34931,PLAY! PLAY! ガーデン」レポ―ト～静岡、やっぱり最高すぎる！編～. ブログ. 2025年7月2日. 「PLAY! PLAY! PLAY! ガーデン」レポ―ト～静岡、やっぱり最高すぎる！編～.
最高すぎる,"Ayumu Imazu on X: ""SOLOSありがとう。本当にありがとう。 最高 ...",https://x.com/ayumu__imazu/status/1857774538853089533,"Nov 16, 2024 ... SOLOSありがとう。本当にありがとう。 最高すぎる@iamnovelcore と @noamusic_japan に本当に感謝です."
最高すぎる,『念願の南島～最高すぎる！』 2020.9.15 – 自然体験ガイドソルマル,https://ogasawara-solmar.com/2020/09/16/south-island/,"Sep 16, 2020 ... 小笠原諸島・父島でカヤックツアー・トレッキングツアーを行なっています。 ⭐︎ひとり旅、お子様との家族旅、学生さん旅⭐︎はじめての小笠原旅、シニアの贅沢 ..."
最低すぎる,"弐十@Vtuber on X: ""最低すぎるマリオカートワールド https://t.co ...",https://x.com/Nito_Yusha/status/1932752923148026013,"最低すぎるマリオカートワールド. Translate post. Embedded video. 0:26. 10:53 AM · Jun 11, 2025. ·. 58.1K. Views."
最低すぎる,自分が最低すぎてつらいです消えたいです。 - 友達関係でも恋愛でも ...,https://detail.chiebukuro.yahoo.co.jp/qa/question_detail/q13304065503,"Sep 22, 2024 ... 私もある子にとっては最低なことをして、今はクラスの誰も信じれない状況です。 辛いです。学校行く気にならないし、行っても誰も信じれません。"
最低すぎる,"sakura suwa on X: ""ヨレンタの「この世を最低と呼ぶには魅力的 ...",https://x.com/sggg390/status/1860531414032326898,"Nov 24, 2024 ... ヨレンタの「この世を最低と呼ぶには魅力的すぎる。荒れ狂う自然も動物も、愚かな人間すら含め美しさがある。それを地球の運動と呼ぶのでは（セリフは ..."
最低すぎる,最低すぎる - ワイキキ ショアの口コミ - トリップアドバイザー,https://www.tripadvisor.jp/ShowUserReviews-g60982-d86963-r621202200-Waikiki_Shore-Honolulu_Oahu_Hawaii.html,"Oct 2, 2018 ... 3回利用しました。 1度目はペントハウスにあたり本当に最高の部屋でした！なので、次も、もちろんココのホテルにしようと思いました。 ... 3度目は、本当に ..."
最低すぎる,恋愛の事情により本当に自分が最低な人間だと思います。ほんとに ...,https://detail.chiebukuro.yahoo.co.jp/qa/question_detail/q1176462656,"Nov 30, 2011 ... 自分が恋愛に関してクズすぎていやになります。 自分にはいま、付き合ってる人が二人います。どっちも真剣に自分のことを好きでいてくれていますし、 ..."
最低すぎる,自分が最低すぎて罪悪感が辛い… - 長文すみません。 高校| Q&A ...,https://www.cosme.net/chieco/question/65008/detail,"Mar 29, 2017 ... 自分は本当に最低です。でもどうしても根暗で腹黒い性格は変わらないんです。 自分が嫌いすぎて辛いです。 家族にも申し訳ないと思っているのに何も出来 ..."
最低すぎる,【パチスロ】最高すぎる運と最低すぎる運と・・・黄門ちゃま喝で ...,https://ameblo.jp/dainhill8/entry-12569064226.html,"Jan 22, 2020 ... 【パチスロ】最高すぎる運と最低すぎる運と・・・黄門ちゃま喝で土下座フリーズも。 ... なんというか、運がいいんだか？悪いんだか？ ほんとねぇ。中途半端 ..."
最低すぎる,"めめこ on X: ""最低すぎる"" / X",https://twitter.com/memekoEX/status/1896360077348815228,"Mar 3, 2025 ... 元ゲーセン店員です男子禁制が嫌なら中を覗こうとしたり、盗撮したり、サッと触って逃げたり、ウェーイって入り込んでナンパしたりするのをやめれば ..."
最低すぎる,#二次創作 #サイレンススズカ(ウマ娘) 最低すぎるサイレンススズカ ...,https://www.pixiv.net/novel/show.php?id=22669727,まじで酷いトレーナーの話です。 2024年12月2日追記 この作品が、男子に人気ランキング第89位にランクインしました！！読んでくださり、誠にありがとうございます！
最低すぎる,"なむ on X: ""マルセロヒアン最低すぎる、当然の退場。"" / X",https://twitter.com/sanga7th/status/1847534188767170936,"Translate post. マルセロヒアン最低すぎる、当然の退場。 7:04 AM · Oct 19, 2024. ·. 2,263. Views. 45."
最高,最高 - Jisho.org,https://jisho.org/search/%E6%9C%80%E9%AB%98,Japanese dictionary search results for 最高.
最高,裁判所 - Courts in Japan,https://www.courts.go.jp/index.html,最高裁判所判例集及び下級裁判所裁判例速報については過去3か月以内、知的財産裁判例集については過去1か月以内の各判決等の一覧を表示します。 ご希望の判例（裁判例 ...
最高,公文書管理：最高検察庁,https://www.kensatsu.go.jp/kakuchou/supreme/page_00003.html,"Apr 1, 2025 ... 公文書管理 · 管理規程 · 標準文書保存期間基準 · 行政文書ファイル管理簿の検索（電子政府の総合窓口（e－Gov）） · 内閣府の「公文書管理」のページはこちら."
最高,2025年7月14日の北海道の最高気温高いほうから|札幌管区気象台 ...,https://www.jma-net.go.jp/sapporo/tenki/kansoku/amedasrank/indexmxdesc.html,4 hours ago ... 最高気温の一覧を表示します。 データは50分頃に更新されます。表示順や日付を変更したい場合は該当する上のリンクをクリックしてください。 （注意）値は ...
最高,デジタル温度計 Ｇ－１ 最高・最低 隔測式 防水型 - シンワ測定株式会社,https://www.shinwasokutei.co.jp/products/73045/,特長. ○最高・最低・現在温度を同時に表示します。 ○水濡れも安心の防水仕様です。 ○温度センサーは地面に差し込んで使えるプローブ型です。（本体には温度センサーは ...
最高,2025年度 国内最高レベルの競技大会｜日本アンチ・ドーピング機構 ...,https://www.playtruejapan.org/code/tue.html,日本アンチ・ドーピング規程において、「国内最高レベルの競技大会」に参加するアスリートは、＜国内レベルアスリート＞として定義されます。
最高,最高 - Translation into English - examples Japanese | Reverso Context,https://context.reverso.net/translation/japanese-english/%E6%9C%80%E9%AB%98,"Translation of ""最高"" in English · maximum · excellent · wonderful · Full. Show more [...] Suggestions. 最高だ 53. 最高だよ 37. 最高よ 18. 最高 ..."
最高,温度計 Ｄ－１１ 最高・最低 ワンタッチ式 - シンワ測定株式会社,https://www.shinwasokutei.co.jp/products/72701/,最高温度・最低温度の確認と現在温度の測定ができます。 ○最高・最低温度をワンタッチでリセットできます。 【修理 ...
最高,最高のオバハン中島ハルコ～マダム・イン・ちょこっとだけ ...,https://www.tokai-tv.com/haruko3/,タイの財閥・ターラーグループ存亡の危機の中、ハルコ（大地真央）が美容ビジネスを進めるためタイにやってくる。そこにいたのは…… 続きを読む. 最新話を無料配信.
最高,気分は最高いつまでもーバーンズ先生から学ぶ、いやな気分の克服法,http://www.seiwa-pb.co.jp/search/bo05/bn1103.html,著者デビッド・D・バーンズが、うつと不安に対する革新的な高速治療法について伝授する。バーンズ先生は、40年にわたる臨床経験に基づき、TEAM-CBTと呼ばれる治療法を開発 ...
最低,チップ労働者の最低賃金 (P717J-Japanese),https://dol.ny.gov/system/files/documents/2025/01/p717_11-24ja.pdf,"Jan 1, 2025 ... 最低賃金を満たすための現金賃金とチップクレ. ジットの組み合わせ. ニューヨーク州法では、建築サービス業以外の全産業の雇."
最低,地域別最低賃金の全国一覧 ｜厚生労働省,https://www.mhlw.go.jp/stf/seisakunitsuite/bunya/koyou_roudou/roudoukijun/minimumichiran/index.html,最低賃金が改定されます。 都道府県の令和6年度地域別最低賃金額及び発効年月日は、以下のとおりです。 また、平成14年度から令和6年度までの地域別最低賃金改定状況 ...
最低,ニューヨーク州最低賃金 (P700j-Japanese),https://dol.ny.gov/p700j-japanese,労働者が業務上必要な制服を自分で管理する場合は、. 最低賃金に上乗せした額を支払う必要があります。 出来高払いの労働者には、最低賃金の水準以上の賃金を. 支払う ...
最低,第70回中央最低賃金審議会 資料｜厚生労働省,https://www.mhlw.go.jp/stf/newpage_59482.html,... 中央最低賃金審議会(中央最低賃金審議会) >; 第70回中央最低賃金審議会 資料. 令和7年7月11日（金）. 照会先. 労働基準局賃金課. 指導係: 塩原・大迫 （内線5546）.
最低,工事請負契約に係る競争入札の最低制限価格の基準の公開 - 岸和田市 ...,https://www.city.kishiwada.lg.jp/page/14-saiteikakakukijyun.html,"Apr 1, 2023 ... 本市の工事請負契約に係る競争入札において、最低制限価格を設定する場合の基準を公開します。最低制限価格の基準は、入札制度の公平性、透明性をより ..."
最低,長野県の最低賃金 - 松本市ホームページ,https://www.city.matsumoto.nagano.jp/soshiki/75/3006.html,産業の特性や労働条件、地域経済などを考慮して決定されますが、他の産業より高い水準の賃金を設定することで、企業、産業の魅力を高めることができます。
最低,21州が最低賃金を引き上げ（アメリカ：2025年1月）｜労働政策 ...,https://www.jil.go.jp/foreign/jihou/2025/01/usa_02.html,カテゴリー：労働法・働くルール、労働条件・就業環境 · アメリカの記事一覧. 国別労働トピック：2025年1月. 全米50州のうち21州が2025年1月1日に最低賃金を引き上げた。
最低,最低賃金のお知らせ【賃金室】 | 神奈川労働局,https://jsite.mhlw.go.jp/kanagawa-roudoukyoku/hourei_seido_tetsuzuki/saiteichingin_chinginseido/saichin.html,"May 20, 2025 ... 最低賃金の件名 ： 神奈川県最低賃金 効力発生年月日 ： 令和6年10月1日（令和6年9月30日までの神奈川県最低賃金は1時間 1,112円になります） ..."
最低,赤穂市／最低制限価格の算定について,https://www.city.ako.lg.jp/soumu/keiyaku/saiteiseigenntop.html,"Apr 30, 2025 ... 本市における最低制限価格の算定については下記のとおりです。 最低制限価格の設定方法について（PDF：251KB） · 赤穂市最低 ..."
最低,あなたの賃金を比較チェック｜最低賃金制度,https://saiteichingin.mhlw.go.jp/table/page_list_nationallist.php,労働市場のセーフティネットである最低賃金制度を紹介する厚生労働省の特設サイトです。
